<?xml version="1.0"?>
<ruleset name="PSR2-improved">

    <description>PSR-2 Coda plugin rules</description>

    <!-- Include the whole PSR-2 standard -->
    <rule ref="PSR2">
        
    </rule>

    <!-- There MUST NOT be trailing whitespace at the end of non-blank lines. -->
    <rule ref="Squiz.WhiteSpace.SuperfluousWhitespace">
      <properties>
        <property name="ignoreBlankLines" value="false"/>
      </properties>
    </rule>
    <rule ref="Squiz.WhiteSpace.SuperfluousWhitespace.StartFile">
        <severity>0</severity>
    </rule>
    <rule ref="Squiz.WhiteSpace.SuperfluousWhitespace.EndFile">
        <severity>0</severity>
    </rule>
    <rule ref="Squiz.WhiteSpace.SuperfluousWhitespace.EmptyLines">
        <severity>10</severity>
    </rule>

</ruleset>